{
    "sticks": {
        "Throttle": {
            "idx": 0,
            "center": 0.22106019310811087
        },
        "Roll": {
            "idx": 1,
            "center": -0.08086355614929164
        },
        "Pitch": {
            "idx": 2,
            "center": -0.003967706849273056
        },
        "Yaw": {
            "idx": 5,
            "center": -0.003967706849273056
        }
    },
    "switches": {
        "AUX1": {
            "idx": 3
        },
        "AUX2": {
            "idx": 4
        }
    },
    "min_vals": [
        0,
        4902,
        258,
        0,
        0,
        258
    ],
    "max_vals": [
        47331,
        65535,
        65535,
        65535,
        65535,
        65535
    ],
    "sign_reverse": [
        1,
        1,
        1,
        1,
        1,
        1
    ]
}